Sourcing Location,Volume_Segment,Vol_12M,PLC,CoV,Variability_segment,Demand Class,trend_value,trend_category,trend_strength,Stationary,Stationary_pvalue,Intermittency,Demand_Density,seasonality,seasonal_strength,seasonal_periods,Entropy,x_acf1,x_acf10,diff1_acf1,diff1_acf10,diff2_acf1,diff2_acf10,x_pacf5,diff1x_pacf5,diff2x_pacf5,linearity,curvature,arch_acf,garch_acf,arch_r2,garch_r2,hurst,hp_alpha,hp_beta,hw_alpha,hw_beta,hw_gamma,kurtosis1,kurtosis2,skewed
India,B,37570.2,Mature,0.25063826464848393,Low,Smooth,22.539626985658234,UPWARD,0.8910722439996447,True,0.036848907651748336,Non-Intermittent,1.0,Exists,0.7527438718969331,"6,12",0.5851914309249889,0.7445399689248637,2.5489877717755425,-0.05163946350135035,0.6295907506949432,-0.4389698585638956,0.44479135782007867,0.8172079801388978,0.5037099424864766,0.7684001640014728,4116.1265407888,-1009.7571131870783,0.10362203149785258,0.10362203149785261,0.23125180889873165,0.23125180889873165,0.9481490285253538,,,,,,-0.3992375077314194,-0.45423831031116224,-0.3648435638517225
Indonesia,C,19763.8,Mature,0.2587154259465849,Low,Smooth,8.62832593735932,UPWARD,0.5694022317444956,True,2.0648357930936102e-07,Non-Intermittent,1.0,Exists,0.726693214421456,"6,12",0.6030614091131843,0.47729067765452104,0.9749311379746176,-0.06737835049051315,0.8122671814833882,-0.4838164230678728,0.6997877191450989,0.6371025916742933,0.5853233464323412,0.8679633027618854,1407.4146930589968,-15.88998265943809,0.26649612159773794,0.26649612159773794,0.3320796859543311,0.33207968595433124,0.7884244206938653,,,,,,-0.7546312852765737,-0.7854271865494602,0.000662637639142128
Singapore,C,11622.0,Mature,0.5203379635609465,Medium,Smooth,6.465262717859669,UPWARD,0.2214107658807858,True,1.077387889073177e-11,Non-Intermittent,1.0,Exists,0.5164809630923501,"4,11",0.8383390797164446,0.0067213859020552645,0.05821884864129191,-0.4957582055835582,0.42061058201589835,-0.6856154457955717,0.7990326621102679,0.04949280071485672,0.41996947327492656,0.8233197405318012,994.8249622739264,-289.1731749971867,0.18201500422355274,0.1820150042235527,0.19086503420641776,0.19086503420641754,0.7649309747530137,,,,,,0.365070074818437,0.25801436646209686,0.6286944630446716
